locus,start,end
accD,1,968
atpA,969,2792
atpB,2793,4274
atpE,4275,4685
atpF,4686,6130
atpH,6131,6378
atpI,6379,7125
ccsA,7126,8122
cemA,8123,9711
chlB,9712,11272
chlL,11273,12201
chlN,12202,13641
clpP,13642,16008
infA,16009,16262
matK,16263,17815
ndhA,17816,20158
ndhC,20159,20605
ndhD,20606,22153
ndhE,22154,22459
ndhF,22460,24845
ndhG,24846,25453
ndhH,25454,26668
ndhI,26669,27260
ndhJ,27261,27787
ndhK,27788,28688
petA,28689,29662
petB,29663,31519
petD,31520,32915
petG,32916,33032
petL,33033,33234
petN,33235,33342
psaA,33343,35595
psaB,35596,37800
psaC,37801,38046
psaI,38047,38157
psaJ,38158,38292
psbB,38293,39833
psbC,39834,41297
psbD,41298,42359
psbE,42360,42611
psbF,42612,42731
psbH,42732,42956
psbI,42957,43067
psbJ,43068,43196
psbK,43197,43376
psbL,43377,43493
psbM,43494,43601
psbN,43602,43739
psbT,43740,43857
psbZ,43858,44049
rbcL,44050,45478
rpl14,45479,45872
rpl16,45873,47348
rpl20,47349,47706
rpl21,47707,48108
rpl22,48109,48542
rpl23,48543,48836
rpl32,48837,49088
rpl33,49089,49298
rpl36,49299,49423
rpoA,49424,50488
rpoB,50489,53746
rpoC1,53747,56775
rpoC2,56776,61274
rps11,61275,61670
rps14,61671,62051
rps15,62052,62336
rps16,62337,63930
rps18,63931,64183
rps19,64184,64462
rps2,64463,65220
rps3,65221,65909
rps4,65910,66526
rps8,66527,66928
ycf12,66929,67030
ycf3,67031,69231
ycf4,69232,69815
trnL-trnF,69816,73263
rps4-trnS,73264,75473
